Image	human_evaluation
24-hour-home-care---caregiver-training-turning-and-positioning-in-a-bed_frame_0.jpg	False
24-hour-home-care---caregiver-training-turning-and-positioning-in-a-bed_frame_1.jpg	False
24-hour-home-care---caregiver-training-turning-and-positioning-in-a-bed_frame_10.jpg	False
24-hour-home-care---caregiver-training-turning-and-positioning-in-a-bed_frame_11.jpg	False
24-hour-home-care---caregiver-training-turning-and-positioning-in-a-bed_frame_12.jpg	False
24-hour-home-care---caregiver-training-turning-and-positioning-in-a-bed_frame_13.jpg	False
24-hour-home-care---caregiver-training-turning-and-positioning-in-a-bed_frame_14.jpg	False
24-hour-home-care---caregiver-training-turning-and-positioning-in-a-bed_frame_15.jpg	False
24-hour-home-care---caregiver-training-turning-and-positioning-in-a-bed_frame_16.jpg	False
24-hour-home-care---caregiver-training-turning-and-positioning-in-a-bed_frame_17.jpg	False
24-hour-home-care---caregiver-training-turning-and-positioning-in-a-bed_frame_18.jpg	False
24-hour-home-care---caregiver-training-turning-and-positioning-in-a-bed_frame_19.jpg	False
24-hour-home-care---caregiver-training-turning-and-positioning-in-a-bed_frame_2.jpg	False
24-hour-home-care---caregiver-training-turning-and-positioning-in-a-bed_frame_20.jpg	False
24-hour-home-care---caregiver-training-turning-and-positioning-in-a-bed_frame_21.jpg	False
24-hour-home-care---caregiver-training-turning-and-positioning-in-a-bed_frame_22.jpg	False
24-hour-home-care---caregiver-training-turning-and-positioning-in-a-bed_frame_23.jpg	False
24-hour-home-care---caregiver-training-turning-and-positioning-in-a-bed_frame_24.jpg	False
24-hour-home-care---caregiver-training-turning-and-positioning-in-a-bed_frame_25.jpg	False
24-hour-home-care---caregiver-training-turning-and-positioning-in-a-bed_frame_26.jpg	False
24-hour-home-care---caregiver-training-turning-and-positioning-in-a-bed_frame_27.jpg	False
24-hour-home-care---caregiver-training-turning-and-positioning-in-a-bed_frame_28.jpg	False
24-hour-home-care---caregiver-training-turning-and-positioning-in-a-bed_frame_29.jpg	False
24-hour-home-care---caregiver-training-turning-and-positioning-in-a-bed_frame_3.jpg	False
24-hour-home-care---caregiver-training-turning-and-positioning-in-a-bed_frame_30.jpg	False
24-hour-home-care---caregiver-training-turning-and-positioning-in-a-bed_frame_31.jpg	False
24-hour-home-care---caregiver-training-turning-and-positioning-in-a-bed_frame_32.jpg	False
24-hour-home-care---caregiver-training-turning-and-positioning-in-a-bed_frame_33.jpg	False
24-hour-home-care---caregiver-training-turning-and-positioning-in-a-bed_frame_34.jpg	False
24-hour-home-care---caregiver-training-turning-and-positioning-in-a-bed_frame_35.jpg	False
24-hour-home-care---caregiver-training-turning-and-positioning-in-a-bed_frame_36.jpg	False
24-hour-home-care---caregiver-training-turning-and-positioning-in-a-bed_frame_37.jpg	False
24-hour-home-care---caregiver-training-turning-and-positioning-in-a-bed_frame_38.jpg	False
24-hour-home-care---caregiver-training-turning-and-positioning-in-a-bed_frame_39.jpg	False
24-hour-home-care---caregiver-training-turning-and-positioning-in-a-bed_frame_4.jpg	False
24-hour-home-care---caregiver-training-turning-and-positioning-in-a-bed_frame_40.jpg	False
24-hour-home-care---caregiver-training-turning-and-positioning-in-a-bed_frame_41.jpg	True
24-hour-home-care---caregiver-training-turning-and-positioning-in-a-bed_frame_42.jpg	True
24-hour-home-care---caregiver-training-turning-and-positioning-in-a-bed_frame_43.jpg	True
24-hour-home-care---caregiver-training-turning-and-positioning-in-a-bed_frame_44.jpg	True
24-hour-home-care---caregiver-training-turning-and-positioning-in-a-bed_frame_45.jpg	True
24-hour-home-care---caregiver-training-turning-and-positioning-in-a-bed_frame_46.jpg	True
24-hour-home-care---caregiver-training-turning-and-positioning-in-a-bed_frame_47.jpg	True
24-hour-home-care---caregiver-training-turning-and-positioning-in-a-bed_frame_48.jpg	True
24-hour-home-care---caregiver-training-turning-and-positioning-in-a-bed_frame_49.jpg	True
24-hour-home-care---caregiver-training-turning-and-positioning-in-a-bed_frame_5.jpg	False
24-hour-home-care---caregiver-training-turning-and-positioning-in-a-bed_frame_50.jpg	True
24-hour-home-care---caregiver-training-turning-and-positioning-in-a-bed_frame_51.jpg	True
24-hour-home-care---caregiver-training-turning-and-positioning-in-a-bed_frame_52.jpg	True
24-hour-home-care---caregiver-training-turning-and-positioning-in-a-bed_frame_53.jpg	True
24-hour-home-care---caregiver-training-turning-and-positioning-in-a-bed_frame_54.jpg	True
24-hour-home-care---caregiver-training-turning-and-positioning-in-a-bed_frame_55.jpg	True
24-hour-home-care---caregiver-training-turning-and-positioning-in-a-bed_frame_56.jpg	True
24-hour-home-care---caregiver-training-turning-and-positioning-in-a-bed_frame_57.jpg	True
24-hour-home-care---caregiver-training-turning-and-positioning-in-a-bed_frame_58.jpg	True
24-hour-home-care---caregiver-training-turning-and-positioning-in-a-bed_frame_59.jpg	True
24-hour-home-care---caregiver-training-turning-and-positioning-in-a-bed_frame_6.jpg	False
24-hour-home-care---caregiver-training-turning-and-positioning-in-a-bed_frame_60.jpg	True
24-hour-home-care---caregiver-training-turning-and-positioning-in-a-bed_frame_61.jpg	True
24-hour-home-care---caregiver-training-turning-and-positioning-in-a-bed_frame_62.jpg	True
24-hour-home-care---caregiver-training-turning-and-positioning-in-a-bed_frame_63.jpg	True
24-hour-home-care---caregiver-training-turning-and-positioning-in-a-bed_frame_64.jpg	True
24-hour-home-care---caregiver-training-turning-and-positioning-in-a-bed_frame_65.jpg	True
24-hour-home-care---caregiver-training-turning-and-positioning-in-a-bed_frame_66.jpg	False
24-hour-home-care---caregiver-training-turning-and-positioning-in-a-bed_frame_67.jpg	False
24-hour-home-care---caregiver-training-turning-and-positioning-in-a-bed_frame_68.jpg	True
24-hour-home-care---caregiver-training-turning-and-positioning-in-a-bed_frame_69.jpg	False
24-hour-home-care---caregiver-training-turning-and-positioning-in-a-bed_frame_7.jpg	False
24-hour-home-care---caregiver-training-turning-and-positioning-in-a-bed_frame_70.jpg	False
24-hour-home-care---caregiver-training-turning-and-positioning-in-a-bed_frame_71.jpg	False
24-hour-home-care---caregiver-training-turning-and-positioning-in-a-bed_frame_72.jpg	False
24-hour-home-care---caregiver-training-turning-and-positioning-in-a-bed_frame_73.jpg	False
24-hour-home-care---caregiver-training-turning-and-positioning-in-a-bed_frame_8.jpg	False
24-hour-home-care---caregiver-training-turning-and-positioning-in-a-bed_frame_9.jpg	False
Assisting with Positioning a Patient in Bed - Ashraf Z Qotmosh (720p, h264, youtube)_frame_0.jpg	False
Assisting with Positioning a Patient in Bed - Ashraf Z Qotmosh (720p, h264, youtube)_frame_1.jpg	False
Assisting with Positioning a Patient in Bed - Ashraf Z Qotmosh (720p, h264, youtube)_frame_10.jpg	False
Assisting with Positioning a Patient in Bed - Ashraf Z Qotmosh (720p, h264, youtube)_frame_100.jpg	False
Assisting with Positioning a Patient in Bed - Ashraf Z Qotmosh (720p, h264, youtube)_frame_101.jpg	True
Assisting with Positioning a Patient in Bed - Ashraf Z Qotmosh (720p, h264, youtube)_frame_102.jpg	True
Assisting with Positioning a Patient in Bed - Ashraf Z Qotmosh (720p, h264, youtube)_frame_103.jpg	True
Assisting with Positioning a Patient in Bed - Ashraf Z Qotmosh (720p, h264, youtube)_frame_104.jpg	True
Assisting with Positioning a Patient in Bed - Ashraf Z Qotmosh (720p, h264, youtube)_frame_105.jpg	False
Assisting with Positioning a Patient in Bed - Ashraf Z Qotmosh (720p, h264, youtube)_frame_106.jpg	False
Assisting with Positioning a Patient in Bed - Ashraf Z Qotmosh (720p, h264, youtube)_frame_107.jpg	False
Assisting with Positioning a Patient in Bed - Ashraf Z Qotmosh (720p, h264, youtube)_frame_108.jpg	True
Assisting with Positioning a Patient in Bed - Ashraf Z Qotmosh (720p, h264, youtube)_frame_109.jpg	False
Assisting with Positioning a Patient in Bed - Ashraf Z Qotmosh (720p, h264, youtube)_frame_11.jpg	False
Assisting with Positioning a Patient in Bed - Ashraf Z Qotmosh (720p, h264, youtube)_frame_110.jpg	False
Assisting with Positioning a Patient in Bed - Ashraf Z Qotmosh (720p, h264, youtube)_frame_111.jpg	True
Assisting with Positioning a Patient in Bed - Ashraf Z Qotmosh (720p, h264, youtube)_frame_112.jpg	True
Assisting with Positioning a Patient in Bed - Ashraf Z Qotmosh (720p, h264, youtube)_frame_113.jpg	True
Assisting with Positioning a Patient in Bed - Ashraf Z Qotmosh (720p, h264, youtube)_frame_114.jpg	True
Assisting with Positioning a Patient in Bed - Ashraf Z Qotmosh (720p, h264, youtube)_frame_115.jpg	True
Assisting with Positioning a Patient in Bed - Ashraf Z Qotmosh (720p, h264, youtube)_frame_116.jpg	True
Assisting with Positioning a Patient in Bed - Ashraf Z Qotmosh (720p, h264, youtube)_frame_117.jpg	True
Assisting with Positioning a Patient in Bed - Ashraf Z Qotmosh (720p, h264, youtube)_frame_118.jpg	True
Assisting with Positioning a Patient in Bed - Ashraf Z Qotmosh (720p, h264, youtube)_frame_119.jpg	False
Assisting with Positioning a Patient in Bed - Ashraf Z Qotmosh (720p, h264, youtube)_frame_12.jpg	False
Assisting with Positioning a Patient in Bed - Ashraf Z Qotmosh (720p, h264, youtube)_frame_120.jpg	True
Assisting with Positioning a Patient in Bed - Ashraf Z Qotmosh (720p, h264, youtube)_frame_121.jpg	True
Assisting with Positioning a Patient in Bed - Ashraf Z Qotmosh (720p, h264, youtube)_frame_122.jpg	False
Assisting with Positioning a Patient in Bed - Ashraf Z Qotmosh (720p, h264, youtube)_frame_123.jpg	True
Assisting with Positioning a Patient in Bed - Ashraf Z Qotmosh (720p, h264, youtube)_frame_124.jpg	True
Assisting with Positioning a Patient in Bed - Ashraf Z Qotmosh (720p, h264, youtube)_frame_125.jpg	True
Assisting with Positioning a Patient in Bed - Ashraf Z Qotmosh (720p, h264, youtube)_frame_126.jpg	True
Assisting with Positioning a Patient in Bed - Ashraf Z Qotmosh (720p, h264, youtube)_frame_127.jpg	True
Assisting with Positioning a Patient in Bed - Ashraf Z Qotmosh (720p, h264, youtube)_frame_128.jpg	True
Assisting with Positioning a Patient in Bed - Ashraf Z Qotmosh (720p, h264, youtube)_frame_129.jpg	True
Assisting with Positioning a Patient in Bed - Ashraf Z Qotmosh (720p, h264, youtube)_frame_13.jpg	False
Assisting with Positioning a Patient in Bed - Ashraf Z Qotmosh (720p, h264, youtube)_frame_130.jpg	False
Assisting with Positioning a Patient in Bed - Ashraf Z Qotmosh (720p, h264, youtube)_frame_131.jpg	True
Assisting with Positioning a Patient in Bed - Ashraf Z Qotmosh (720p, h264, youtube)_frame_132.jpg	True
Assisting with Positioning a Patient in Bed - Ashraf Z Qotmosh (720p, h264, youtube)_frame_133.jpg	True
Assisting with Positioning a Patient in Bed - Ashraf Z Qotmosh (720p, h264, youtube)_frame_134.jpg	True
Assisting with Positioning a Patient in Bed - Ashraf Z Qotmosh (720p, h264, youtube)_frame_135.jpg	True
Assisting with Positioning a Patient in Bed - Ashraf Z Qotmosh (720p, h264, youtube)_frame_136.jpg	True
Assisting with Positioning a Patient in Bed - Ashraf Z Qotmosh (720p, h264, youtube)_frame_137.jpg	True
Assisting with Positioning a Patient in Bed - Ashraf Z Qotmosh (720p, h264, youtube)_frame_138.jpg	True
Assisting with Positioning a Patient in Bed - Ashraf Z Qotmosh (720p, h264, youtube)_frame_139.jpg	False
Assisting with Positioning a Patient in Bed - Ashraf Z Qotmosh (720p, h264, youtube)_frame_14.jpg	False
Assisting with Positioning a Patient in Bed - Ashraf Z Qotmosh (720p, h264, youtube)_frame_140.jpg	False
Assisting with Positioning a Patient in Bed - Ashraf Z Qotmosh (720p, h264, youtube)_frame_141.jpg	True
Assisting with Positioning a Patient in Bed - Ashraf Z Qotmosh (720p, h264, youtube)_frame_142.jpg	True
Assisting with Positioning a Patient in Bed - Ashraf Z Qotmosh (720p, h264, youtube)_frame_143.jpg	False
Assisting with Positioning a Patient in Bed - Ashraf Z Qotmosh (720p, h264, youtube)_frame_144.jpg	True
Assisting with Positioning a Patient in Bed - Ashraf Z Qotmosh (720p, h264, youtube)_frame_145.jpg	True
Assisting with Positioning a Patient in Bed - Ashraf Z Qotmosh (720p, h264, youtube)_frame_146.jpg	True
Assisting with Positioning a Patient in Bed - Ashraf Z Qotmosh (720p, h264, youtube)_frame_147.jpg	True
Assisting with Positioning a Patient in Bed - Ashraf Z Qotmosh (720p, h264, youtube)_frame_148.jpg	True
Assisting with Positioning a Patient in Bed - Ashraf Z Qotmosh (720p, h264, youtube)_frame_149.jpg	True
Assisting with Positioning a Patient in Bed - Ashraf Z Qotmosh (720p, h264, youtube)_frame_15.jpg	False
Assisting with Positioning a Patient in Bed - Ashraf Z Qotmosh (720p, h264, youtube)_frame_150.jpg	True
Assisting with Positioning a Patient in Bed - Ashraf Z Qotmosh (720p, h264, youtube)_frame_151.jpg	True
Assisting with Positioning a Patient in Bed - Ashraf Z Qotmosh (720p, h264, youtube)_frame_152.jpg	True
Assisting with Positioning a Patient in Bed - Ashraf Z Qotmosh (720p, h264, youtube)_frame_153.jpg	True
Assisting with Positioning a Patient in Bed - Ashraf Z Qotmosh (720p, h264, youtube)_frame_154.jpg	True
Assisting with Positioning a Patient in Bed - Ashraf Z Qotmosh (720p, h264, youtube)_frame_155.jpg	True
Assisting with Positioning a Patient in Bed - Ashraf Z Qotmosh (720p, h264, youtube)_frame_156.jpg	True
Assisting with Positioning a Patient in Bed - Ashraf Z Qotmosh (720p, h264, youtube)_frame_157.jpg	True
Assisting with Positioning a Patient in Bed - Ashraf Z Qotmosh (720p, h264, youtube)_frame_158.jpg	True
Assisting with Positioning a Patient in Bed - Ashraf Z Qotmosh (720p, h264, youtube)_frame_159.jpg	True
Assisting with Positioning a Patient in Bed - Ashraf Z Qotmosh (720p, h264, youtube)_frame_16.jpg	False
Assisting with Positioning a Patient in Bed - Ashraf Z Qotmosh (720p, h264, youtube)_frame_160.jpg	True
Assisting with Positioning a Patient in Bed - Ashraf Z Qotmosh (720p, h264, youtube)_frame_161.jpg	True
Assisting with Positioning a Patient in Bed - Ashraf Z Qotmosh (720p, h264, youtube)_frame_162.jpg	True
Assisting with Positioning a Patient in Bed - Ashraf Z Qotmosh (720p, h264, youtube)_frame_163.jpg	True
Assisting with Positioning a Patient in Bed - Ashraf Z Qotmosh (720p, h264, youtube)_frame_164.jpg	True
Assisting with Positioning a Patient in Bed - Ashraf Z Qotmosh (720p, h264, youtube)_frame_165.jpg	False
Assisting with Positioning a Patient in Bed - Ashraf Z Qotmosh (720p, h264, youtube)_frame_166.jpg	False
Assisting with Positioning a Patient in Bed - Ashraf Z Qotmosh (720p, h264, youtube)_frame_167.jpg	False
Assisting with Positioning a Patient in Bed - Ashraf Z Qotmosh (720p, h264, youtube)_frame_168.jpg	False
Assisting with Positioning a Patient in Bed - Ashraf Z Qotmosh (720p, h264, youtube)_frame_17.jpg	False
Assisting with Positioning a Patient in Bed - Ashraf Z Qotmosh (720p, h264, youtube)_frame_18.jpg	False
Assisting with Positioning a Patient in Bed - Ashraf Z Qotmosh (720p, h264, youtube)_frame_19.jpg	False
Assisting with Positioning a Patient in Bed - Ashraf Z Qotmosh (720p, h264, youtube)_frame_2.jpg	False
Assisting with Positioning a Patient in Bed - Ashraf Z Qotmosh (720p, h264, youtube)_frame_20.jpg	False
Assisting with Positioning a Patient in Bed - Ashraf Z Qotmosh (720p, h264, youtube)_frame_21.jpg	False
Assisting with Positioning a Patient in Bed - Ashraf Z Qotmosh (720p, h264, youtube)_frame_22.jpg	False
Assisting with Positioning a Patient in Bed - Ashraf Z Qotmosh (720p, h264, youtube)_frame_23.jpg	True
Assisting with Positioning a Patient in Bed - Ashraf Z Qotmosh (720p, h264, youtube)_frame_24.jpg	True
Assisting with Positioning a Patient in Bed - Ashraf Z Qotmosh (720p, h264, youtube)_frame_25.jpg	True
Assisting with Positioning a Patient in Bed - Ashraf Z Qotmosh (720p, h264, youtube)_frame_26.jpg	False
Assisting with Positioning a Patient in Bed - Ashraf Z Qotmosh (720p, h264, youtube)_frame_27.jpg	True
Assisting with Positioning a Patient in Bed - Ashraf Z Qotmosh (720p, h264, youtube)_frame_28.jpg	True
Assisting with Positioning a Patient in Bed - Ashraf Z Qotmosh (720p, h264, youtube)_frame_29.jpg	True
Assisting with Positioning a Patient in Bed - Ashraf Z Qotmosh (720p, h264, youtube)_frame_3.jpg	False
Assisting with Positioning a Patient in Bed - Ashraf Z Qotmosh (720p, h264, youtube)_frame_30.jpg	True
Assisting with Positioning a Patient in Bed - Ashraf Z Qotmosh (720p, h264, youtube)_frame_31.jpg	True
Assisting with Positioning a Patient in Bed - Ashraf Z Qotmosh (720p, h264, youtube)_frame_32.jpg	True
Assisting with Positioning a Patient in Bed - Ashraf Z Qotmosh (720p, h264, youtube)_frame_33.jpg	False
Assisting with Positioning a Patient in Bed - Ashraf Z Qotmosh (720p, h264, youtube)_frame_34.jpg	False
Assisting with Positioning a Patient in Bed - Ashraf Z Qotmosh (720p, h264, youtube)_frame_35.jpg	False
Assisting with Positioning a Patient in Bed - Ashraf Z Qotmosh (720p, h264, youtube)_frame_36.jpg	False
Assisting with Positioning a Patient in Bed - Ashraf Z Qotmosh (720p, h264, youtube)_frame_37.jpg	False
Assisting with Positioning a Patient in Bed - Ashraf Z Qotmosh (720p, h264, youtube)_frame_38.jpg	False
Assisting with Positioning a Patient in Bed - Ashraf Z Qotmosh (720p, h264, youtube)_frame_39.jpg	False
Assisting with Positioning a Patient in Bed - Ashraf Z Qotmosh (720p, h264, youtube)_frame_4.jpg	False
Assisting with Positioning a Patient in Bed - Ashraf Z Qotmosh (720p, h264, youtube)_frame_40.jpg	False
Assisting with Positioning a Patient in Bed - Ashraf Z Qotmosh (720p, h264, youtube)_frame_41.jpg	False
Assisting with Positioning a Patient in Bed - Ashraf Z Qotmosh (720p, h264, youtube)_frame_42.jpg	False
Assisting with Positioning a Patient in Bed - Ashraf Z Qotmosh (720p, h264, youtube)_frame_43.jpg	False
Assisting with Positioning a Patient in Bed - Ashraf Z Qotmosh (720p, h264, youtube)_frame_44.jpg	True
Assisting with Positioning a Patient in Bed - Ashraf Z Qotmosh (720p, h264, youtube)_frame_45.jpg	False
Assisting with Positioning a Patient in Bed - Ashraf Z Qotmosh (720p, h264, youtube)_frame_46.jpg	False
Assisting with Positioning a Patient in Bed - Ashraf Z Qotmosh (720p, h264, youtube)_frame_47.jpg	False
Assisting with Positioning a Patient in Bed - Ashraf Z Qotmosh (720p, h264, youtube)_frame_48.jpg	False
Assisting with Positioning a Patient in Bed - Ashraf Z Qotmosh (720p, h264, youtube)_frame_49.jpg	False
Assisting with Positioning a Patient in Bed - Ashraf Z Qotmosh (720p, h264, youtube)_frame_5.jpg	False
Assisting with Positioning a Patient in Bed - Ashraf Z Qotmosh (720p, h264, youtube)_frame_50.jpg	False
Assisting with Positioning a Patient in Bed - Ashraf Z Qotmosh (720p, h264, youtube)_frame_51.jpg	True
Assisting with Positioning a Patient in Bed - Ashraf Z Qotmosh (720p, h264, youtube)_frame_52.jpg	False
Assisting with Positioning a Patient in Bed - Ashraf Z Qotmosh (720p, h264, youtube)_frame_53.jpg	False
Assisting with Positioning a Patient in Bed - Ashraf Z Qotmosh (720p, h264, youtube)_frame_54.jpg	False
Assisting with Positioning a Patient in Bed - Ashraf Z Qotmosh (720p, h264, youtube)_frame_55.jpg	False
Assisting with Positioning a Patient in Bed - Ashraf Z Qotmosh (720p, h264, youtube)_frame_56.jpg	False
Assisting with Positioning a Patient in Bed - Ashraf Z Qotmosh (720p, h264, youtube)_frame_57.jpg	False
Assisting with Positioning a Patient in Bed - Ashraf Z Qotmosh (720p, h264, youtube)_frame_58.jpg	True
Assisting with Positioning a Patient in Bed - Ashraf Z Qotmosh (720p, h264, youtube)_frame_59.jpg	True
Assisting with Positioning a Patient in Bed - Ashraf Z Qotmosh (720p, h264, youtube)_frame_6.jpg	False
Assisting with Positioning a Patient in Bed - Ashraf Z Qotmosh (720p, h264, youtube)_frame_60.jpg	True
Assisting with Positioning a Patient in Bed - Ashraf Z Qotmosh (720p, h264, youtube)_frame_61.jpg	True
Assisting with Positioning a Patient in Bed - Ashraf Z Qotmosh (720p, h264, youtube)_frame_62.jpg	True
Assisting with Positioning a Patient in Bed - Ashraf Z Qotmosh (720p, h264, youtube)_frame_63.jpg	True
Assisting with Positioning a Patient in Bed - Ashraf Z Qotmosh (720p, h264, youtube)_frame_64.jpg	True
Assisting with Positioning a Patient in Bed - Ashraf Z Qotmosh (720p, h264, youtube)_frame_65.jpg	True
Assisting with Positioning a Patient in Bed - Ashraf Z Qotmosh (720p, h264, youtube)_frame_66.jpg	True
Assisting with Positioning a Patient in Bed - Ashraf Z Qotmosh (720p, h264, youtube)_frame_67.jpg	True
Assisting with Positioning a Patient in Bed - Ashraf Z Qotmosh (720p, h264, youtube)_frame_68.jpg	True
Assisting with Positioning a Patient in Bed - Ashraf Z Qotmosh (720p, h264, youtube)_frame_69.jpg	True
Assisting with Positioning a Patient in Bed - Ashraf Z Qotmosh (720p, h264, youtube)_frame_7.jpg	False
Assisting with Positioning a Patient in Bed - Ashraf Z Qotmosh (720p, h264, youtube)_frame_70.jpg	False
Assisting with Positioning a Patient in Bed - Ashraf Z Qotmosh (720p, h264, youtube)_frame_71.jpg	True
Assisting with Positioning a Patient in Bed - Ashraf Z Qotmosh (720p, h264, youtube)_frame_72.jpg	True
Assisting with Positioning a Patient in Bed - Ashraf Z Qotmosh (720p, h264, youtube)_frame_73.jpg	True
Assisting with Positioning a Patient in Bed - Ashraf Z Qotmosh (720p, h264, youtube)_frame_74.jpg	True
Assisting with Positioning a Patient in Bed - Ashraf Z Qotmosh (720p, h264, youtube)_frame_75.jpg	True
Assisting with Positioning a Patient in Bed - Ashraf Z Qotmosh (720p, h264, youtube)_frame_76.jpg	True
Assisting with Positioning a Patient in Bed - Ashraf Z Qotmosh (720p, h264, youtube)_frame_77.jpg	True
Assisting with Positioning a Patient in Bed - Ashraf Z Qotmosh (720p, h264, youtube)_frame_78.jpg	True
Assisting with Positioning a Patient in Bed - Ashraf Z Qotmosh (720p, h264, youtube)_frame_79.jpg	True
Assisting with Positioning a Patient in Bed - Ashraf Z Qotmosh (720p, h264, youtube)_frame_8.jpg	False
Assisting with Positioning a Patient in Bed - Ashraf Z Qotmosh (720p, h264, youtube)_frame_80.jpg	True
Assisting with Positioning a Patient in Bed - Ashraf Z Qotmosh (720p, h264, youtube)_frame_81.jpg	True
Assisting with Positioning a Patient in Bed - Ashraf Z Qotmosh (720p, h264, youtube)_frame_82.jpg	True
Assisting with Positioning a Patient in Bed - Ashraf Z Qotmosh (720p, h264, youtube)_frame_83.jpg	True
Assisting with Positioning a Patient in Bed - Ashraf Z Qotmosh (720p, h264, youtube)_frame_84.jpg	True
Assisting with Positioning a Patient in Bed - Ashraf Z Qotmosh (720p, h264, youtube)_frame_85.jpg	True
Assisting with Positioning a Patient in Bed - Ashraf Z Qotmosh (720p, h264, youtube)_frame_86.jpg	True
Assisting with Positioning a Patient in Bed - Ashraf Z Qotmosh (720p, h264, youtube)_frame_87.jpg	True
Assisting with Positioning a Patient in Bed - Ashraf Z Qotmosh (720p, h264, youtube)_frame_88.jpg	True
Assisting with Positioning a Patient in Bed - Ashraf Z Qotmosh (720p, h264, youtube)_frame_89.jpg	True
Assisting with Positioning a Patient in Bed - Ashraf Z Qotmosh (720p, h264, youtube)_frame_9.jpg	False
Assisting with Positioning a Patient in Bed - Ashraf Z Qotmosh (720p, h264, youtube)_frame_90.jpg	False
Assisting with Positioning a Patient in Bed - Ashraf Z Qotmosh (720p, h264, youtube)_frame_91.jpg	False
Assisting with Positioning a Patient in Bed - Ashraf Z Qotmosh (720p, h264, youtube)_frame_92.jpg	False
Assisting with Positioning a Patient in Bed - Ashraf Z Qotmosh (720p, h264, youtube)_frame_93.jpg	False
Assisting with Positioning a Patient in Bed - Ashraf Z Qotmosh (720p, h264, youtube)_frame_94.jpg	False
Assisting with Positioning a Patient in Bed - Ashraf Z Qotmosh (720p, h264, youtube)_frame_95.jpg	False
Assisting with Positioning a Patient in Bed - Ashraf Z Qotmosh (720p, h264, youtube)_frame_96.jpg	False
Assisting with Positioning a Patient in Bed - Ashraf Z Qotmosh (720p, h264, youtube)_frame_97.jpg	True
Assisting with Positioning a Patient in Bed - Ashraf Z Qotmosh (720p, h264, youtube)_frame_98.jpg	True
Assisting with Positioning a Patient in Bed - Ashraf Z Qotmosh (720p, h264, youtube)_frame_99.jpg	True
fundamentals-of-turning-and-cushion-placement-when-person-can-assist---1-how-to-turn_frame_0.jpg	False
fundamentals-of-turning-and-cushion-placement-when-person-can-assist---1-how-to-turn_frame_1.jpg	False
fundamentals-of-turning-and-cushion-placement-when-person-can-assist---1-how-to-turn_frame_10.jpg	False
fundamentals-of-turning-and-cushion-placement-when-person-can-assist---1-how-to-turn_frame_11.jpg	False
fundamentals-of-turning-and-cushion-placement-when-person-can-assist---1-how-to-turn_frame_12.jpg	False
fundamentals-of-turning-and-cushion-placement-when-person-can-assist---1-how-to-turn_frame_13.jpg	False
fundamentals-of-turning-and-cushion-placement-when-person-can-assist---1-how-to-turn_frame_14.jpg	True
fundamentals-of-turning-and-cushion-placement-when-person-can-assist---1-how-to-turn_frame_15.jpg	False
fundamentals-of-turning-and-cushion-placement-when-person-can-assist---1-how-to-turn_frame_16.jpg	False
fundamentals-of-turning-and-cushion-placement-when-person-can-assist---1-how-to-turn_frame_17.jpg	False
fundamentals-of-turning-and-cushion-placement-when-person-can-assist---1-how-to-turn_frame_18.jpg	True
fundamentals-of-turning-and-cushion-placement-when-person-can-assist---1-how-to-turn_frame_19.jpg	True
fundamentals-of-turning-and-cushion-placement-when-person-can-assist---1-how-to-turn_frame_2.jpg	False
fundamentals-of-turning-and-cushion-placement-when-person-can-assist---1-how-to-turn_frame_20.jpg	True
fundamentals-of-turning-and-cushion-placement-when-person-can-assist---1-how-to-turn_frame_21.jpg	True
fundamentals-of-turning-and-cushion-placement-when-person-can-assist---1-how-to-turn_frame_22.jpg	True
fundamentals-of-turning-and-cushion-placement-when-person-can-assist---1-how-to-turn_frame_23.jpg	True
fundamentals-of-turning-and-cushion-placement-when-person-can-assist---1-how-to-turn_frame_24.jpg	True
fundamentals-of-turning-and-cushion-placement-when-person-can-assist---1-how-to-turn_frame_25.jpg	True
fundamentals-of-turning-and-cushion-placement-when-person-can-assist---1-how-to-turn_frame_26.jpg	True
fundamentals-of-turning-and-cushion-placement-when-person-can-assist---1-how-to-turn_frame_27.jpg	True
fundamentals-of-turning-and-cushion-placement-when-person-can-assist---1-how-to-turn_frame_28.jpg	True
fundamentals-of-turning-and-cushion-placement-when-person-can-assist---1-how-to-turn_frame_29.jpg	True
fundamentals-of-turning-and-cushion-placement-when-person-can-assist---1-how-to-turn_frame_3.jpg	False
fundamentals-of-turning-and-cushion-placement-when-person-can-assist---1-how-to-turn_frame_30.jpg	True
fundamentals-of-turning-and-cushion-placement-when-person-can-assist---1-how-to-turn_frame_31.jpg	True
fundamentals-of-turning-and-cushion-placement-when-person-can-assist---1-how-to-turn_frame_32.jpg	True
fundamentals-of-turning-and-cushion-placement-when-person-can-assist---1-how-to-turn_frame_33.jpg	True
fundamentals-of-turning-and-cushion-placement-when-person-can-assist---1-how-to-turn_frame_34.jpg	True
fundamentals-of-turning-and-cushion-placement-when-person-can-assist---1-how-to-turn_frame_35.jpg	True
fundamentals-of-turning-and-cushion-placement-when-person-can-assist---1-how-to-turn_frame_36.jpg	True
fundamentals-of-turning-and-cushion-placement-when-person-can-assist---1-how-to-turn_frame_37.jpg	True
fundamentals-of-turning-and-cushion-placement-when-person-can-assist---1-how-to-turn_frame_38.jpg	True
fundamentals-of-turning-and-cushion-placement-when-person-can-assist---1-how-to-turn_frame_39.jpg	True
fundamentals-of-turning-and-cushion-placement-when-person-can-assist---1-how-to-turn_frame_4.jpg	False
fundamentals-of-turning-and-cushion-placement-when-person-can-assist---1-how-to-turn_frame_40.jpg	True
fundamentals-of-turning-and-cushion-placement-when-person-can-assist---1-how-to-turn_frame_41.jpg	True
fundamentals-of-turning-and-cushion-placement-when-person-can-assist---1-how-to-turn_frame_42.jpg	True
fundamentals-of-turning-and-cushion-placement-when-person-can-assist---1-how-to-turn_frame_43.jpg	True
fundamentals-of-turning-and-cushion-placement-when-person-can-assist---1-how-to-turn_frame_44.jpg	True
fundamentals-of-turning-and-cushion-placement-when-person-can-assist---1-how-to-turn_frame_45.jpg	True
fundamentals-of-turning-and-cushion-placement-when-person-can-assist---1-how-to-turn_frame_46.jpg	True
fundamentals-of-turning-and-cushion-placement-when-person-can-assist---1-how-to-turn_frame_47.jpg	True
fundamentals-of-turning-and-cushion-placement-when-person-can-assist---1-how-to-turn_frame_48.jpg	True
fundamentals-of-turning-and-cushion-placement-when-person-can-assist---1-how-to-turn_frame_49.jpg	True
fundamentals-of-turning-and-cushion-placement-when-person-can-assist---1-how-to-turn_frame_5.jpg	False
fundamentals-of-turning-and-cushion-placement-when-person-can-assist---1-how-to-turn_frame_50.jpg	True
fundamentals-of-turning-and-cushion-placement-when-person-can-assist---1-how-to-turn_frame_51.jpg	True
fundamentals-of-turning-and-cushion-placement-when-person-can-assist---1-how-to-turn_frame_52.jpg	True
fundamentals-of-turning-and-cushion-placement-when-person-can-assist---1-how-to-turn_frame_53.jpg	True
fundamentals-of-turning-and-cushion-placement-when-person-can-assist---1-how-to-turn_frame_54.jpg	True
fundamentals-of-turning-and-cushion-placement-when-person-can-assist---1-how-to-turn_frame_55.jpg	True
fundamentals-of-turning-and-cushion-placement-when-person-can-assist---1-how-to-turn_frame_56.jpg	True
fundamentals-of-turning-and-cushion-placement-when-person-can-assist---1-how-to-turn_frame_57.jpg	True
fundamentals-of-turning-and-cushion-placement-when-person-can-assist---1-how-to-turn_frame_58.jpg	True
fundamentals-of-turning-and-cushion-placement-when-person-can-assist---1-how-to-turn_frame_59.jpg	True
fundamentals-of-turning-and-cushion-placement-when-person-can-assist---1-how-to-turn_frame_6.jpg	False
fundamentals-of-turning-and-cushion-placement-when-person-can-assist---1-how-to-turn_frame_60.jpg	True
fundamentals-of-turning-and-cushion-placement-when-person-can-assist---1-how-to-turn_frame_61.jpg	True
fundamentals-of-turning-and-cushion-placement-when-person-can-assist---1-how-to-turn_frame_62.jpg	True
fundamentals-of-turning-and-cushion-placement-when-person-can-assist---1-how-to-turn_frame_63.jpg	True
fundamentals-of-turning-and-cushion-placement-when-person-can-assist---1-how-to-turn_frame_64.jpg	True
fundamentals-of-turning-and-cushion-placement-when-person-can-assist---1-how-to-turn_frame_65.jpg	True
fundamentals-of-turning-and-cushion-placement-when-person-can-assist---1-how-to-turn_frame_66.jpg	True
fundamentals-of-turning-and-cushion-placement-when-person-can-assist---1-how-to-turn_frame_67.jpg	True
fundamentals-of-turning-and-cushion-placement-when-person-can-assist---1-how-to-turn_frame_68.jpg	True
fundamentals-of-turning-and-cushion-placement-when-person-can-assist---1-how-to-turn_frame_69.jpg	True
fundamentals-of-turning-and-cushion-placement-when-person-can-assist---1-how-to-turn_frame_7.jpg	False
fundamentals-of-turning-and-cushion-placement-when-person-can-assist---1-how-to-turn_frame_70.jpg	True
fundamentals-of-turning-and-cushion-placement-when-person-can-assist---1-how-to-turn_frame_71.jpg	True
fundamentals-of-turning-and-cushion-placement-when-person-can-assist---1-how-to-turn_frame_72.jpg	True
fundamentals-of-turning-and-cushion-placement-when-person-can-assist---1-how-to-turn_frame_73.jpg	True
fundamentals-of-turning-and-cushion-placement-when-person-can-assist---1-how-to-turn_frame_74.jpg	True
fundamentals-of-turning-and-cushion-placement-when-person-can-assist---1-how-to-turn_frame_75.jpg	True
fundamentals-of-turning-and-cushion-placement-when-person-can-assist---1-how-to-turn_frame_76.jpg	True
fundamentals-of-turning-and-cushion-placement-when-person-can-assist---1-how-to-turn_frame_8.jpg	False
fundamentals-of-turning-and-cushion-placement-when-person-can-assist---1-how-to-turn_frame_9.jpg	False
